{
  "0": {
    "precision": 0.974476439790576,
    "recall": 0.9667261808148028,
    "f1-score": 0.9705858388332111,
    "support": 6161.0
  },
  "1": {
    "precision": 0.8769507803121248,
    "recall": 0.9035250463821892,
    "f1-score": 0.8900395979287238,
    "support": 1617.0
  },
  "accuracy": 0.9535870403702751,
  "macro avg": {
    "precision": 0.9257136100513503,
    "recall": 0.935125613598496,
    "f1-score": 0.9303127183809674,
    "support": 7778.0
  },
  "weighted avg": {
    "precision": 0.9542014344708724,
    "recall": 0.9535870403702751,
    "f1-score": 0.9538407537801696,
    "support": 7778.0
  }
}